Totales Territoriales;Comunidades y Ciudades Aut�nomas;provincia;Establecimientos y personal empleado (plazas);Periodo;Total
Total Nacional;Andalucia;Malaga;Numero de establecimientos abiertos estimados;2024M12;486
Total Nacional;Andalucia;Malaga;Numero de establecimientos abiertos estimados;2024M11;554
Total Nacional;Andalucia;Malaga;Numero de establecimientos abiertos estimados;2024M10;661
Total Nacional;Andalucia;Malaga;Numero de establecimientos abiertos estimados;2024M09;683
Total Nacional;Andalucia;Malaga;Numero de establecimientos abiertos estimados;2024M08;670
Total Nacional;Andalucia;Malaga;Numero de establecimientos abiertos estimados;2024M07;671
Total Nacional;Andalucia;Malaga;Numero de establecimientos abiertos estimados;2024M06;658
Total Nacional;Andalucia;Malaga;Numero de establecimientos abiertos estimados;2024M05;666
Total Nacional;Andalucia;Malaga;Numero de establecimientos abiertos estimados;2024M04;667
Total Nacional;Andalucia;Malaga;Numero de establecimientos abiertos estimados;2024M03;638
Total Nacional;Andalucia;Malaga;Numero de establecimientos abiertos estimados;2024M02;556
Total Nacional;Andalucia;Malaga;Numero de establecimientos abiertos estimados;2024M01;511
Total Nacional;Andalucia;Malaga;Numero de habitaciones estimadas;2024M12;29918
Total Nacional;Andalucia;Malaga;Numero de habitaciones estimadas;2024M11;35474
Total Nacional;Andalucia;Malaga;Numero de habitaciones estimadas;2024M10;45896
Total Nacional;Andalucia;Malaga;Numero de habitaciones estimadas;2024M09;47477
Total Nacional;Andalucia;Malaga;Numero de habitaciones estimadas;2024M08;46954
Total Nacional;Andalucia;Malaga;Numero de habitaciones estimadas;2024M07;46843
Total Nacional;Andalucia;Malaga;Numero de habitaciones estimadas;2024M06;46208
Total Nacional;Andalucia;Malaga;Numero de habitaciones estimadas;2024M05;45559
Total Nacional;Andalucia;Malaga;Numero de habitaciones estimadas;2024M04;44400
Total Nacional;Andalucia;Malaga;Numero de habitaciones estimadas;2024M03;42307
Total Nacional;Andalucia;Malaga;Numero de habitaciones estimadas;2024M02;33953
Total Nacional;Andalucia;Malaga;Numero de habitaciones estimadas;2024M01;28626
Total Nacional;Andalucia;Malaga;Numero de plazas estimadas;2024M12;66004
Total Nacional;Andalucia;Malaga;Numero de plazas estimadas;2024M11;78895
Total Nacional;Andalucia;Malaga;Numero de plazas estimadas;2024M10;102380
Total Nacional;Andalucia;Malaga;Numero de plazas estimadas;2024M09;106813
Total Nacional;Andalucia;Malaga;Numero de plazas estimadas;2024M08;105652
Total Nacional;Andalucia;Malaga;Numero de plazas estimadas;2024M07;105253
Total Nacional;Andalucia;Malaga;Numero de plazas estimadas;2024M06;103750
Total Nacional;Andalucia;Malaga;Numero de plazas estimadas;2024M05;102068
Total Nacional;Andalucia;Malaga;Numero de plazas estimadas;2024M04;99493
Total Nacional;Andalucia;Malaga;Numero de plazas estimadas;2024M03;94712
Total Nacional;Andalucia;Malaga;Numero de plazas estimadas;2024M02;74866
Total Nacional;Andalucia;Malaga;Numero de plazas estimadas;2024M01;63142
Total Nacional;Andalucia;Malaga;Grado de ocupacion por plazas;2024M12;43.18
Total Nacional;Andalucia;Malaga;Grado de ocupacion por plazas;2024M11;49.84
Total Nacional;Andalucia;Malaga;Grado de ocupacion por plazas;2024M10;67.55
Total Nacional;Andalucia;Malaga;Grado de ocupacion por plazas;2024M09;71.39
Total Nacional;Andalucia;Malaga;Grado de ocupacion por plazas;2024M08;79.53
Total Nacional;Andalucia;Malaga;Grado de ocupacion por plazas;2024M07;73.12
Total Nacional;Andalucia;Malaga;Grado de ocupacion por plazas;2024M06;69.55
Total Nacional;Andalucia;Malaga;Grado de ocupacion por plazas;2024M05;69.66
Total Nacional;Andalucia;Malaga;Grado de ocupacion por plazas;2024M04;64.67
Total Nacional;Andalucia;Malaga;Grado de ocupacion por plazas;2024M03;57.97
Total Nacional;Andalucia;Malaga;Grado de ocupacion por plazas;2024M02;53.50
Total Nacional;Andalucia;Malaga;Grado de ocupacion por plazas;2024M01;45.62
Total Nacional;Andalucia;Malaga;Grado de ocupacion por plazas en fin de semana;2024M12;48.74
Total Nacional;Andalucia;Malaga;Grado de ocupacion por plazas en fin de semana;2024M11;53.46
Total Nacional;Andalucia;Malaga;Grado de ocupacion por plazas en fin de semana;2024M10;72.16
Total Nacional;Andalucia;Malaga;Grado de ocupacion por plazas en fin de semana;2024M09;74.22
Total Nacional;Andalucia;Malaga;Grado de ocupacion por plazas en fin de semana;2024M08;79.49
Total Nacional;Andalucia;Malaga;Grado de ocupacion por plazas en fin de semana;2024M07;76.11
Total Nacional;Andalucia;Malaga;Grado de ocupacion por plazas en fin de semana;2024M06;74.90
Total Nacional;Andalucia;Malaga;Grado de ocupacion por plazas en fin de semana;2024M05;74.26
Total Nacional;Andalucia;Malaga;Grado de ocupacion por plazas en fin de semana;2024M04;68.90
Total Nacional;Andalucia;Malaga;Grado de ocupacion por plazas en fin de semana;2024M03;61.83
Total Nacional;Andalucia;Malaga;Grado de ocupacion por plazas en fin de semana;2024M02;55.44
Total Nacional;Andalucia;Malaga;Grado de ocupacion por plazas en fin de semana;2024M01;49.07
Total Nacional;Andalucia;Malaga;Grado de ocupacion por habitaciones;2024M12;52.09
Total Nacional;Andalucia;Malaga;Grado de ocupacion por habitaciones;2024M11;64.45
Total Nacional;Andalucia;Malaga;Grado de ocupacion por habitaciones;2024M10;81.31
Total Nacional;Andalucia;Malaga;Grado de ocupacion por habitaciones;2024M09;84.83
Total Nacional;Andalucia;Malaga;Grado de ocupacion por habitaciones;2024M08;85.79
Total Nacional;Andalucia;Malaga;Grado de ocupacion por habitaciones;2024M07;81.52
Total Nacional;Andalucia;Malaga;Grado de ocupacion por habitaciones;2024M06;81.73
Total Nacional;Andalucia;Malaga;Grado de ocupacion por habitaciones;2024M05;81.72
Total Nacional;Andalucia;Malaga;Grado de ocupacion por habitaciones;2024M04;77.33
Total Nacional;Andalucia;Malaga;Grado de ocupacion por habitaciones;2024M03;71.26
Total Nacional;Andalucia;Malaga;Grado de ocupacion por habitaciones;2024M02;66.36
Total Nacional;Andalucia;Malaga;Grado de ocupacion por habitaciones;2024M01;57.36
Total Nacional;Andalucia;Malaga;Personal empleado;2024M12;10462
Total Nacional;Andalucia;Malaga;Personal empleado;2024M11;13363
Total Nacional;Andalucia;Malaga;Personal empleado;2024M10;17879
Total Nacional;Andalucia;Malaga;Personal empleado;2024M09;19431
Total Nacional;Andalucia;Malaga;Personal empleado;2024M08;19649
Total Nacional;Andalucia;Malaga;Personal empleado;2024M07;18824
Total Nacional;Andalucia;Malaga;Personal empleado;2024M06;17980
Total Nacional;Andalucia;Malaga;Personal empleado;2024M05;17749
Total Nacional;Andalucia;Malaga;Personal empleado;2024M04;15997
Total Nacional;Andalucia;Malaga;Personal empleado;2024M03;14397
Total Nacional;Andalucia;Malaga;Personal empleado;2024M02;11492
Total Nacional;Andalucia;Malaga;Personal empleado;2024M01;9762
Total Nacional;Andalucia;Sevilla;Numero de establecimientos abiertos estimados;2024M12;413
Total Nacional;Andalucia;Sevilla;Numero de establecimientos abiertos estimados;2024M11;411
Total Nacional;Andalucia;Sevilla;Numero de establecimientos abiertos estimados;2024M10;431
Total Nacional;Andalucia;Sevilla;Numero de establecimientos abiertos estimados;2024M09;429
Total Nacional;Andalucia;Sevilla;Numero de establecimientos abiertos estimados;2024M08;391
Total Nacional;Andalucia;Sevilla;Numero de establecimientos abiertos estimados;2024M07;406
Total Nacional;Andalucia;Sevilla;Numero de establecimientos abiertos estimados;2024M06;402
Total Nacional;Andalucia;Sevilla;Numero de establecimientos abiertos estimados;2024M05;425
Total Nacional;Andalucia;Sevilla;Numero de establecimientos abiertos estimados;2024M04;427
Total Nacional;Andalucia;Sevilla;Numero de establecimientos abiertos estimados;2024M03;424
Total Nacional;Andalucia;Sevilla;Numero de establecimientos abiertos estimados;2024M02;431
Total Nacional;Andalucia;Sevilla;Numero de establecimientos abiertos estimados;2024M01;394
Total Nacional;Andalucia;Sevilla;Numero de habitaciones estimadas;2024M12;17450
Total Nacional;Andalucia;Sevilla;Numero de habitaciones estimadas;2024M11;17467
Total Nacional;Andalucia;Sevilla;Numero de habitaciones estimadas;2024M10;17655
Total Nacional;Andalucia;Sevilla;Numero de habitaciones estimadas;2024M09;17552
Total Nacional;Andalucia;Sevilla;Numero de habitaciones estimadas;2024M08;16982
Total Nacional;Andalucia;Sevilla;Numero de habitaciones estimadas;2024M07;17095
Total Nacional;Andalucia;Sevilla;Numero de habitaciones estimadas;2024M06;17103
Total Nacional;Andalucia;Sevilla;Numero de habitaciones estimadas;2024M05;17598
Total Nacional;Andalucia;Sevilla;Numero de habitaciones estimadas;2024M04;17710
Total Nacional;Andalucia;Sevilla;Numero de habitaciones estimadas;2024M03;17552
Total Nacional;Andalucia;Sevilla;Numero de habitaciones estimadas;2024M02;17496
Total Nacional;Andalucia;Sevilla;Numero de habitaciones estimadas;2024M01;16648
Total Nacional;Andalucia;Sevilla;Numero de plazas estimadas;2024M12;35347
Total Nacional;Andalucia;Sevilla;Numero de plazas estimadas;2024M11;35372
Total Nacional;Andalucia;Sevilla;Numero de plazas estimadas;2024M10;35720
Total Nacional;Andalucia;Sevilla;Numero de plazas estimadas;2024M09;35490
Total Nacional;Andalucia;Sevilla;Numero de plazas estimadas;2024M08;34452
Total Nacional;Andalucia;Sevilla;Numero de plazas estimadas;2024M07;34616
Total Nacional;Andalucia;Sevilla;Numero de plazas estimadas;2024M06;34632
Total Nacional;Andalucia;Sevilla;Numero de plazas estimadas;2024M05;35551
Total Nacional;Andalucia;Sevilla;Numero de plazas estimadas;2024M04;35766
Total Nacional;Andalucia;Sevilla;Numero de plazas estimadas;2024M03;35298
Total Nacional;Andalucia;Sevilla;Numero de plazas estimadas;2024M02;35130
Total Nacional;Andalucia;Sevilla;Numero de plazas estimadas;2024M01;33500
Total Nacional;Andalucia;Sevilla;Grado de ocupacion por plazas;2024M12;52.33
Total Nacional;Andalucia;Sevilla;Grado de ocupacion por plazas;2024M11;60.09
Total Nacional;Andalucia;Sevilla;Grado de ocupacion por plazas;2024M10;68.58
Total Nacional;Andalucia;Sevilla;Grado de ocupacion por plazas;2024M09;64.49
Total Nacional;Andalucia;Sevilla;Grado de ocupacion por plazas;2024M08;60.26
Total Nacional;Andalucia;Sevilla;Grado de ocupacion por plazas;2024M07;53.42
Total Nacional;Andalucia;Sevilla;Grado de ocupacion por plazas;2024M06;61.61
Total Nacional;Andalucia;Sevilla;Grado de ocupacion por plazas;2024M05;69.45
Total Nacional;Andalucia;Sevilla;Grado de ocupacion por plazas;2024M04;70.95
Total Nacional;Andalucia;Sevilla;Grado de ocupacion por plazas;2024M03;65.07
Total Nacional;Andalucia;Sevilla;Grado de ocupacion por plazas;2024M02;58.18
Total Nacional;Andalucia;Sevilla;Grado de ocupacion por plazas;2024M01;50.01
Total Nacional;Andalucia;Sevilla;Grado de ocupacion por plazas en fin de semana;2024M12;64.44
Total Nacional;Andalucia;Sevilla;Grado de ocupacion por plazas en fin de semana;2024M11;68.40
Total Nacional;Andalucia;Sevilla;Grado de ocupacion por plazas en fin de semana;2024M10;74.51
Total Nacional;Andalucia;Sevilla;Grado de ocupacion por plazas en fin de semana;2024M09;71.62
Total Nacional;Andalucia;Sevilla;Grado de ocupacion por plazas en fin de semana;2024M08;61.79
Total Nacional;Andalucia;Sevilla;Grado de ocupacion por plazas en fin de semana;2024M07;59.92
Total Nacional;Andalucia;Sevilla;Grado de ocupacion por plazas en fin de semana;2024M06;69.65
Total Nacional;Andalucia;Sevilla;Grado de ocupacion por plazas en fin de semana;2024M05;76.36
Total Nacional;Andalucia;Sevilla;Grado de ocupacion por plazas en fin de semana;2024M04;78.54
Total Nacional;Andalucia;Sevilla;Grado de ocupacion por plazas en fin de semana;2024M03;69.09
Total Nacional;Andalucia;Sevilla;Grado de ocupacion por plazas en fin de semana;2024M02;69.74
Total Nacional;Andalucia;Sevilla;Grado de ocupacion por plazas en fin de semana;2024M01;57.80
Total Nacional;Andalucia;Sevilla;Grado de ocupacion por habitaciones;2024M12;57.86
Total Nacional;Andalucia;Sevilla;Grado de ocupacion por habitaciones;2024M11;70.41
Total Nacional;Andalucia;Sevilla;Grado de ocupacion por habitaciones;2024M10;79.09
Total Nacional;Andalucia;Sevilla;Grado de ocupacion por habitaciones;2024M09;74.04
Total Nacional;Andalucia;Sevilla;Grado de ocupacion por habitaciones;2024M08;62.14
Total Nacional;Andalucia;Sevilla;Grado de ocupacion por habitaciones;2024M07;58.26
Total Nacional;Andalucia;Sevilla;Grado de ocupacion por habitaciones;2024M06;70.50
Total Nacional;Andalucia;Sevilla;Grado de ocupacion por habitaciones;2024M05;79.07
Total Nacional;Andalucia;Sevilla;Grado de ocupacion por habitaciones;2024M04;79.51
Total Nacional;Andalucia;Sevilla;Grado de ocupacion por habitaciones;2024M03;72.26
Total Nacional;Andalucia;Sevilla;Grado de ocupacion por habitaciones;2024M02;66.43
Total Nacional;Andalucia;Sevilla;Grado de ocupacion por habitaciones;2024M01;55.68
Total Nacional;Andalucia;Sevilla;Personal empleado;2024M12;5111
Total Nacional;Andalucia;Sevilla;Personal empleado;2024M11;5236
Total Nacional;Andalucia;Sevilla;Personal empleado;2024M10;5362
Total Nacional;Andalucia;Sevilla;Personal empleado;2024M09;5380
Total Nacional;Andalucia;Sevilla;Personal empleado;2024M08;5299
Total Nacional;Andalucia;Sevilla;Personal empleado;2024M07;5132
Total Nacional;Andalucia;Sevilla;Personal empleado;2024M06;5136
Total Nacional;Andalucia;Sevilla;Personal empleado;2024M05;5299
Total Nacional;Andalucia;Sevilla;Personal empleado;2024M04;5303
Total Nacional;Andalucia;Sevilla;Personal empleado;2024M03;5178
Total Nacional;Andalucia;Sevilla;Personal empleado;2024M02;4961
Total Nacional;Andalucia;Sevilla;Personal empleado;2024M01;4822
Total Nacional;Balears. Illes;Baleares;Numero de establecimientos abiertos estimados;2024M12;153
Total Nacional;Balears. Illes;Baleares;Numero de establecimientos abiertos estimados;2024M11;183
Total Nacional;Balears. Illes;Baleares;Numero de establecimientos abiertos estimados;2024M10;1110
Total Nacional;Balears. Illes;Baleares;Numero de establecimientos abiertos estimados;2024M09;1372
Total Nacional;Balears. Illes;Baleares;Numero de establecimientos abiertos estimados;2024M08;1364
Total Nacional;Balears. Illes;Baleares;Numero de establecimientos abiertos estimados;2024M07;1346
Total Nacional;Balears. Illes;Baleares;Numero de establecimientos abiertos estimados;2024M06;1345
Total Nacional;Balears. Illes;Baleares;Numero de establecimientos abiertos estimados;2024M05;1250
Total Nacional;Balears. Illes;Baleares;Numero de establecimientos abiertos estimados;2024M04;614
Total Nacional;Balears. Illes;Baleares;Numero de establecimientos abiertos estimados;2024M03;378
Total Nacional;Balears. Illes;Baleares;Numero de establecimientos abiertos estimados;2024M02;167
Total Nacional;Balears. Illes;Baleares;Numero de establecimientos abiertos estimados;2024M01;114
Total Nacional;Balears. Illes;Baleares;Numero de habitaciones estimadas;2024M12;10770
Total Nacional;Balears. Illes;Baleares;Numero de habitaciones estimadas;2024M11;13622
Total Nacional;Balears. Illes;Baleares;Numero de habitaciones estimadas;2024M10;150424
Total Nacional;Balears. Illes;Baleares;Numero de habitaciones estimadas;2024M09;176582
Total Nacional;Balears. Illes;Baleares;Numero de habitaciones estimadas;2024M08;176722
Total Nacional;Balears. Illes;Baleares;Numero de habitaciones estimadas;2024M07;175987
Total Nacional;Balears. Illes;Baleares;Numero de habitaciones estimadas;2024M06;175092
Total Nacional;Balears. Illes;Baleares;Numero de habitaciones estimadas;2024M05;168391
Total Nacional;Balears. Illes;Baleares;Numero de habitaciones estimadas;2024M04;77987
Total Nacional;Balears. Illes;Baleares;Numero de habitaciones estimadas;2024M03;49621
Total Nacional;Balears. Illes;Baleares;Numero de habitaciones estimadas;2024M02;18428
Total Nacional;Balears. Illes;Baleares;Numero de habitaciones estimadas;2024M01;8914
Total Nacional;Balears. Illes;Baleares;Numero de plazas estimadas;2024M12;22609
Total Nacional;Balears. Illes;Baleares;Numero de plazas estimadas;2024M11;28275
Total Nacional;Balears. Illes;Baleares;Numero de plazas estimadas;2024M10;322138
Total Nacional;Balears. Illes;Baleares;Numero de plazas estimadas;2024M09;377830
Total Nacional;Balears. Illes;Baleares;Numero de plazas estimadas;2024M08;378250
Total Nacional;Balears. Illes;Baleares;Numero de plazas estimadas;2024M07;376832
Total Nacional;Balears. Illes;Baleares;Numero de plazas estimadas;2024M06;374861
Total Nacional;Balears. Illes;Baleares;Numero de plazas estimadas;2024M05;359582
Total Nacional;Balears. Illes;Baleares;Numero de plazas estimadas;2024M04;166398
Total Nacional;Balears. Illes;Baleares;Numero de plazas estimadas;2024M03;104328
Total Nacional;Balears. Illes;Baleares;Numero de plazas estimadas;2024M02;37607
Total Nacional;Balears. Illes;Baleares;Numero de plazas estimadas;2024M01;18759
Total Nacional;Balears. Illes;Baleares;Grado de ocupacion por plazas;2024M12;42.32
Total Nacional;Balears. Illes;Baleares;Grado de ocupacion por plazas;2024M11;47.67
Total Nacional;Balears. Illes;Baleares;Grado de ocupacion por plazas;2024M10;69.28
Total Nacional;Balears. Illes;Baleares;Grado de ocupacion por plazas;2024M09;80.86
Total Nacional;Balears. Illes;Baleares;Grado de ocupacion por plazas;2024M08;89.90
Total Nacional;Balears. Illes;Baleares;Grado de ocupacion por plazas;2024M07;87.64
Total Nacional;Balears. Illes;Baleares;Grado de ocupacion por plazas;2024M06;81.13
Total Nacional;Balears. Illes;Baleares;Grado de ocupacion por plazas;2024M05;71.64
Total Nacional;Balears. Illes;Baleares;Grado de ocupacion por plazas;2024M04;67.92
Total Nacional;Balears. Illes;Baleares;Grado de ocupacion por plazas;2024M03;51.89
Total Nacional;Balears. Illes;Baleares;Grado de ocupacion por plazas;2024M02;52.64
Total Nacional;Balears. Illes;Baleares;Grado de ocupacion por plazas;2024M01;38.90
Total Nacional;Balears. Illes;Baleares;Grado de ocupacion por plazas en fin de semana;2024M12;50.35
Total Nacional;Balears. Illes;Baleares;Grado de ocupacion por plazas en fin de semana;2024M11;52.91
Total Nacional;Balears. Illes;Baleares;Grado de ocupacion por plazas en fin de semana;2024M10;70.69
Total Nacional;Balears. Illes;Baleares;Grado de ocupacion por plazas en fin de semana;2024M09;81.49
Total Nacional;Balears. Illes;Baleares;Grado de ocupacion por plazas en fin de semana;2024M08;89.01
Total Nacional;Balears. Illes;Baleares;Grado de ocupacion por plazas en fin de semana;2024M07;87.51
Total Nacional;Balears. Illes;Baleares;Grado de ocupacion por plazas en fin de semana;2024M06;81.74
Total Nacional;Balears. Illes;Baleares;Grado de ocupacion por plazas en fin de semana;2024M05;71.97
Total Nacional;Balears. Illes;Baleares;Grado de ocupacion por plazas en fin de semana;2024M04;71.65
Total Nacional;Balears. Illes;Baleares;Grado de ocupacion por plazas en fin de semana;2024M03;51.38
Total Nacional;Balears. Illes;Baleares;Grado de ocupacion por plazas en fin de semana;2024M02;57.49
Total Nacional;Balears. Illes;Baleares;Grado de ocupacion por plazas en fin de semana;2024M01;42.85
Total Nacional;Balears. Illes;Baleares;Grado de ocupacion por habitaciones;2024M12;52.32
Total Nacional;Balears. Illes;Baleares;Grado de ocupacion por habitaciones;2024M11;60.36
Total Nacional;Balears. Illes;Baleares;Grado de ocupacion por habitaciones;2024M10;74.19
Total Nacional;Balears. Illes;Baleares;Grado de ocupacion por habitaciones;2024M09;88.03
Total Nacional;Balears. Illes;Baleares;Grado de ocupacion por habitaciones;2024M08;91.69
Total Nacional;Balears. Illes;Baleares;Grado de ocupacion por habitaciones;2024M07;89.29
Total Nacional;Balears. Illes;Baleares;Grado de ocupacion por habitaciones;2024M06;85.99
Total Nacional;Balears. Illes;Baleares;Grado de ocupacion por habitaciones;2024M05;77.53
Total Nacional;Balears. Illes;Baleares;Grado de ocupacion por habitaciones;2024M04;75.30
Total Nacional;Balears. Illes;Baleares;Grado de ocupacion por habitaciones;2024M03;58.65
Total Nacional;Balears. Illes;Baleares;Grado de ocupacion por habitaciones;2024M02;61.45
Total Nacional;Balears. Illes;Baleares;Grado de ocupacion por habitaciones;2024M01;50.09
Total Nacional;Balears. Illes;Baleares;Personal empleado;2024M12;4649
Total Nacional;Balears. Illes;Baleares;Personal empleado;2024M11;5982
Total Nacional;Balears. Illes;Baleares;Personal empleado;2024M10;56794
Total Nacional;Balears. Illes;Baleares;Personal empleado;2024M09;71665
Total Nacional;Balears. Illes;Baleares;Personal empleado;2024M08;74195
Total Nacional;Balears. Illes;Baleares;Personal empleado;2024M07;71717
Total Nacional;Balears. Illes;Baleares;Personal empleado;2024M06;70447
Total Nacional;Balears. Illes;Baleares;Personal empleado;2024M05;62818
Total Nacional;Balears. Illes;Baleares;Personal empleado;2024M04;31281
Total Nacional;Balears. Illes;Baleares;Personal empleado;2024M03;17767
Total Nacional;Balears. Illes;Baleares;Personal empleado;2024M02;6554
Total Nacional;Balears. Illes;Baleares;Personal empleado;2024M01;3597
Total Nacional;Cataluña;Barcelona;Numero de establecimientos abiertos estimados;2024M12;1051
Total Nacional;Cataluña;Barcelona;Numero de establecimientos abiertos estimados;2024M11;1077
Total Nacional;Cataluña;Barcelona;Numero de establecimientos abiertos estimados;2024M10;1161
Total Nacional;Cataluña;Barcelona;Numero de establecimientos abiertos estimados;2024M09;1173
Total Nacional;Cataluña;Barcelona;Numero de establecimientos abiertos estimados;2024M08;1170
Total Nacional;Cataluña;Barcelona;Numero de establecimientos abiertos estimados;2024M07;1200
Total Nacional;Cataluña;Barcelona;Numero de establecimientos abiertos estimados;2024M06;1214
Total Nacional;Cataluña;Barcelona;Numero de establecimientos abiertos estimados;2024M05;1164
Total Nacional;Cataluña;Barcelona;Numero de establecimientos abiertos estimados;2024M04;1095
Total Nacional;Cataluña;Barcelona;Numero de establecimientos abiertos estimados;2024M03;1081
Total Nacional;Cataluña;Barcelona;Numero de establecimientos abiertos estimados;2024M02;1019
Total Nacional;Cataluña;Barcelona;Numero de establecimientos abiertos estimados;2024M01;961
Total Nacional;Cataluña;Barcelona;Numero de habitaciones estimadas;2024M12;60176
Total Nacional;Cataluña;Barcelona;Numero de habitaciones estimadas;2024M11;62168
Total Nacional;Cataluña;Barcelona;Numero de habitaciones estimadas;2024M10;73728
Total Nacional;Cataluña;Barcelona;Numero de habitaciones estimadas;2024M09;78115
Total Nacional;Cataluña;Barcelona;Numero de habitaciones estimadas;2024M08;77750
Total Nacional;Cataluña;Barcelona;Numero de habitaciones estimadas;2024M07;79001
Total Nacional;Cataluña;Barcelona;Numero de habitaciones estimadas;2024M06;79108
Total Nacional;Cataluña;Barcelona;Numero de habitaciones estimadas;2024M05;76123
Total Nacional;Cataluña;Barcelona;Numero de habitaciones estimadas;2024M04;68505
Total Nacional;Cataluña;Barcelona;Numero de habitaciones estimadas;2024M03;65685
Total Nacional;Cataluña;Barcelona;Numero de habitaciones estimadas;2024M02;60719
Total Nacional;Cataluña;Barcelona;Numero de habitaciones estimadas;2024M01;58499
Total Nacional;Cataluña;Barcelona;Numero de plazas estimadas;2024M12;121782
Total Nacional;Cataluña;Barcelona;Numero de plazas estimadas;2024M11;125842
Total Nacional;Cataluña;Barcelona;Numero de plazas estimadas;2024M10;151719
Total Nacional;Cataluña;Barcelona;Numero de plazas estimadas;2024M09;160524
Total Nacional;Cataluña;Barcelona;Numero de plazas estimadas;2024M08;159864
Total Nacional;Cataluña;Barcelona;Numero de plazas estimadas;2024M07;162217
Total Nacional;Cataluña;Barcelona;Numero de plazas estimadas;2024M06;162403
Total Nacional;Cataluña;Barcelona;Numero de plazas estimadas;2024M05;156807
Total Nacional;Cataluña;Barcelona;Numero de plazas estimadas;2024M04;139543
Total Nacional;Cataluña;Barcelona;Numero de plazas estimadas;2024M03;134149
Total Nacional;Cataluña;Barcelona;Numero de plazas estimadas;2024M02;123411
Total Nacional;Cataluña;Barcelona;Numero de plazas estimadas;2024M01;119007
Total Nacional;Cataluña;Barcelona;Grado de ocupacion por plazas;2024M12;49.94
Total Nacional;Cataluña;Barcelona;Grado de ocupacion por plazas;2024M11;56.80
Total Nacional;Cataluña;Barcelona;Grado de ocupacion por plazas;2024M10;66.36
Total Nacional;Cataluña;Barcelona;Grado de ocupacion por plazas;2024M09;69.14
Total Nacional;Cataluña;Barcelona;Grado de ocupacion por plazas;2024M08;79.59
Total Nacional;Cataluña;Barcelona;Grado de ocupacion por plazas;2024M07;75.32
Total Nacional;Cataluña;Barcelona;Grado de ocupacion por plazas;2024M06;71.35
Total Nacional;Cataluña;Barcelona;Grado de ocupacion por plazas;2024M05;69.91
Total Nacional;Cataluña;Barcelona;Grado de ocupacion por plazas;2024M04;66.51
Total Nacional;Cataluña;Barcelona;Grado de ocupacion por plazas;2024M03;60.82
Total Nacional;Cataluña;Barcelona;Grado de ocupacion por plazas;2024M02;58.07
Total Nacional;Cataluña;Barcelona;Grado de ocupacion por plazas;2024M01;47.89
Total Nacional;Cataluña;Barcelona;Grado de ocupacion por plazas en fin de semana;2024M12;58.26
Total Nacional;Cataluña;Barcelona;Grado de ocupacion por plazas en fin de semana;2024M11;62.95
Total Nacional;Cataluña;Barcelona;Grado de ocupacion por plazas en fin de semana;2024M10;70.33
Total Nacional;Cataluña;Barcelona;Grado de ocupacion por plazas en fin de semana;2024M09;72.21
Total Nacional;Cataluña;Barcelona;Grado de ocupacion por plazas en fin de semana;2024M08;79.99
Total Nacional;Cataluña;Barcelona;Grado de ocupacion por plazas en fin de semana;2024M07;79.26
Total Nacional;Cataluña;Barcelona;Grado de ocupacion por plazas en fin de semana;2024M06;75.09
Total Nacional;Cataluña;Barcelona;Grado de ocupacion por plazas en fin de semana;2024M05;75.38
Total Nacional;Cataluña;Barcelona;Grado de ocupacion por plazas en fin de semana;2024M04;71.08
Total Nacional;Cataluña;Barcelona;Grado de ocupacion por plazas en fin de semana;2024M03;67.67
Total Nacional;Cataluña;Barcelona;Grado de ocupacion por plazas en fin de semana;2024M02;62.52
Total Nacional;Cataluña;Barcelona;Grado de ocupacion por plazas en fin de semana;2024M01;51.82
Total Nacional;Cataluña;Barcelona;Grado de ocupacion por habitaciones;2024M12;57.47
Total Nacional;Cataluña;Barcelona;Grado de ocupacion por habitaciones;2024M11;72.41
Total Nacional;Cataluña;Barcelona;Grado de ocupacion por habitaciones;2024M10;78.73
Total Nacional;Cataluña;Barcelona;Grado de ocupacion por habitaciones;2024M09;82.99
Total Nacional;Cataluña;Barcelona;Grado de ocupacion por habitaciones;2024M08;83.83
Total Nacional;Cataluña;Barcelona;Grado de ocupacion por habitaciones;2024M07;82.82
Total Nacional;Cataluña;Barcelona;Grado de ocupacion por habitaciones;2024M06;82.48
Total Nacional;Cataluña;Barcelona;Grado de ocupacion por habitaciones;2024M05;80.79
Total Nacional;Cataluña;Barcelona;Grado de ocupacion por habitaciones;2024M04;79.54
Total Nacional;Cataluña;Barcelona;Grado de ocupacion por habitaciones;2024M03;72.01
Total Nacional;Cataluña;Barcelona;Grado de ocupacion por habitaciones;2024M02;72.24
Total Nacional;Cataluña;Barcelona;Grado de ocupacion por habitaciones;2024M01;59.68
Total Nacional;Cataluña;Barcelona;Personal empleado;2024M12;19260
Total Nacional;Cataluña;Barcelona;Personal empleado;2024M11;20084
Total Nacional;Cataluña;Barcelona;Personal empleado;2024M10;23303
Total Nacional;Cataluña;Barcelona;Personal empleado;2024M09;24831
Total Nacional;Cataluña;Barcelona;Personal empleado;2024M08;25379
Total Nacional;Cataluña;Barcelona;Personal empleado;2024M07;25462
Total Nacional;Cataluña;Barcelona;Personal empleado;2024M06;24626
Total Nacional;Cataluña;Barcelona;Personal empleado;2024M05;23453
Total Nacional;Cataluña;Barcelona;Personal empleado;2024M04;21066
Total Nacional;Cataluña;Barcelona;Personal empleado;2024M03;20289
Total Nacional;Cataluña;Barcelona;Personal empleado;2024M02;18555
Total Nacional;Cataluña;Barcelona;Personal empleado;2024M01;17390
Total Nacional;Cataluña;Girona;Numero de establecimientos abiertos estimados;2024M12;343
Total Nacional;Cataluña;Girona;Numero de establecimientos abiertos estimados;2024M11;346
Total Nacional;Cataluña;Girona;Numero de establecimientos abiertos estimados;2024M10;581
Total Nacional;Cataluña;Girona;Numero de establecimientos abiertos estimados;2024M09;725
Total Nacional;Cataluña;Girona;Numero de establecimientos abiertos estimados;2024M08;756
Total Nacional;Cataluña;Girona;Numero de establecimientos abiertos estimados;2024M07;769
Total Nacional;Cataluña;Girona;Numero de establecimientos abiertos estimados;2024M06;706
Total Nacional;Cataluña;Girona;Numero de establecimientos abiertos estimados;2024M05;666
Total Nacional;Cataluña;Girona;Numero de establecimientos abiertos estimados;2024M04;574
Total Nacional;Cataluña;Girona;Numero de establecimientos abiertos estimados;2024M03;433
Total Nacional;Cataluña;Girona;Numero de establecimientos abiertos estimados;2024M02;325
Total Nacional;Cataluña;Girona;Numero de establecimientos abiertos estimados;2024M01;292
Total Nacional;Cataluña;Girona;Numero de habitaciones estimadas;2024M12;10940
Total Nacional;Cataluña;Girona;Numero de habitaciones estimadas;2024M11;12383
Total Nacional;Cataluña;Girona;Numero de habitaciones estimadas;2024M10;29912
Total Nacional;Cataluña;Girona;Numero de habitaciones estimadas;2024M09;38644
Total Nacional;Cataluña;Girona;Numero de habitaciones estimadas;2024M08;40451
Total Nacional;Cataluña;Girona;Numero de habitaciones estimadas;2024M07;40702
Total Nacional;Cataluña;Girona;Numero de habitaciones estimadas;2024M06;38253
Total Nacional;Cataluña;Girona;Numero de habitaciones estimadas;2024M05;36085
Total Nacional;Cataluña;Girona;Numero de habitaciones estimadas;2024M04;28871
Total Nacional;Cataluña;Girona;Numero de habitaciones estimadas;2024M03;18163
Total Nacional;Cataluña;Girona;Numero de habitaciones estimadas;2024M02;10751
Total Nacional;Cataluña;Girona;Numero de habitaciones estimadas;2024M01;9614
Total Nacional;Cataluña;Girona;Numero de plazas estimadas;2024M12;23996
Total Nacional;Cataluña;Girona;Numero de plazas estimadas;2024M11;26641
Total Nacional;Cataluña;Girona;Numero de plazas estimadas;2024M10;65245
Total Nacional;Cataluña;Girona;Numero de plazas estimadas;2024M09;84772
Total Nacional;Cataluña;Girona;Numero de plazas estimadas;2024M08;88678
Total Nacional;Cataluña;Girona;Numero de plazas estimadas;2024M07;89182
Total Nacional;Cataluña;Girona;Numero de plazas estimadas;2024M06;84144
Total Nacional;Cataluña;Girona;Numero de plazas estimadas;2024M05;78801
Total Nacional;Cataluña;Girona;Numero de plazas estimadas;2024M04;63704
Total Nacional;Cataluña;Girona;Numero de plazas estimadas;2024M03;41484
Total Nacional;Cataluña;Girona;Numero de plazas estimadas;2024M02;23597
Total Nacional;Cataluña;Girona;Numero de plazas estimadas;2024M01;21275
Total Nacional;Cataluña;Girona;Grado de ocupacion por plazas;2024M12;32.97
Total Nacional;Cataluña;Girona;Grado de ocupacion por plazas;2024M11;35.58
Total Nacional;Cataluña;Girona;Grado de ocupacion por plazas;2024M10;53.01
Total Nacional;Cataluña;Girona;Grado de ocupacion por plazas;2024M09;62.92
Total Nacional;Cataluña;Girona;Grado de ocupacion por plazas;2024M08;83.28
Total Nacional;Cataluña;Girona;Grado de ocupacion por plazas;2024M07;75.68
Total Nacional;Cataluña;Girona;Grado de ocupacion por plazas;2024M06;60.51
Total Nacional;Cataluña;Girona;Grado de ocupacion por plazas;2024M05;54.05
Total Nacional;Cataluña;Girona;Grado de ocupacion por plazas;2024M04;44.75
Total Nacional;Cataluña;Girona;Grado de ocupacion por plazas;2024M03;41.70
Total Nacional;Cataluña;Girona;Grado de ocupacion por plazas;2024M02;39.96
Total Nacional;Cataluña;Girona;Grado de ocupacion por plazas;2024M01;31.99
Total Nacional;Cataluña;Girona;Grado de ocupacion por plazas en fin de semana;2024M12;46.90
Total Nacional;Cataluña;Girona;Grado de ocupacion por plazas en fin de semana;2024M11;50.77
Total Nacional;Cataluña;Girona;Grado de ocupacion por plazas en fin de semana;2024M10;60.59
Total Nacional;Cataluña;Girona;Grado de ocupacion por plazas en fin de semana;2024M09;69.03
Total Nacional;Cataluña;Girona;Grado de ocupacion por plazas en fin de semana;2024M08;83.58
Total Nacional;Cataluña;Girona;Grado de ocupacion por plazas en fin de semana;2024M07;82.78
Total Nacional;Cataluña;Girona;Grado de ocupacion por plazas en fin de semana;2024M06;71.13
Total Nacional;Cataluña;Girona;Grado de ocupacion por plazas en fin de semana;2024M05;66.70
Total Nacional;Cataluña;Girona;Grado de ocupacion por plazas en fin de semana;2024M04;53.89
Total Nacional;Cataluña;Girona;Grado de ocupacion por plazas en fin de semana;2024M03;54.00
Total Nacional;Cataluña;Girona;Grado de ocupacion por plazas en fin de semana;2024M02;52.55
Total Nacional;Cataluña;Girona;Grado de ocupacion por plazas en fin de semana;2024M01;39.62
Total Nacional;Cataluña;Girona;Grado de ocupacion por habitaciones;2024M12;39.26
Total Nacional;Cataluña;Girona;Grado de ocupacion por habitaciones;2024M11;44.11
Total Nacional;Cataluña;Girona;Grado de ocupacion por habitaciones;2024M10;60.64
Total Nacional;Cataluña;Girona;Grado de ocupacion por habitaciones;2024M09;72.41
Total Nacional;Cataluña;Girona;Grado de ocupacion por habitaciones;2024M08;86.47
Total Nacional;Cataluña;Girona;Grado de ocupacion por habitaciones;2024M07;77.96
Total Nacional;Cataluña;Girona;Grado de ocupacion por habitaciones;2024M06;66.89
Total Nacional;Cataluña;Girona;Grado de ocupacion por habitaciones;2024M05;60.26
Total Nacional;Cataluña;Girona;Grado de ocupacion por habitaciones;2024M04;50.46
Total Nacional;Cataluña;Girona;Grado de ocupacion por habitaciones;2024M03;49.32
Total Nacional;Cataluña;Girona;Grado de ocupacion por habitaciones;2024M02;48.78
Total Nacional;Cataluña;Girona;Grado de ocupacion por habitaciones;2024M01;40.60
Total Nacional;Cataluña;Girona;Personal empleado;2024M12;3098
Total Nacional;Cataluña;Girona;Personal empleado;2024M11;3766
Total Nacional;Cataluña;Girona;Personal empleado;2024M10;8387
Total Nacional;Cataluña;Girona;Personal empleado;2024M09;11120
Total Nacional;Cataluña;Girona;Personal empleado;2024M08;12039
Total Nacional;Cataluña;Girona;Personal empleado;2024M07;12308
Total Nacional;Cataluña;Girona;Personal empleado;2024M06;11012
Total Nacional;Cataluña;Girona;Personal empleado;2024M05;10178
Total Nacional;Cataluña;Girona;Personal empleado;2024M04;8216
Total Nacional;Cataluña;Girona;Personal empleado;2024M03;5782
Total Nacional;Cataluña;Girona;Personal empleado;2024M02;2839
Total Nacional;Cataluña;Girona;Personal empleado;2024M01;2574
Total Nacional;Comunitat Valenciana;Valencia;Numero de establecimientos abiertos estimados;2024M12;878
Total Nacional;Comunitat Valenciana;Valencia;Numero de establecimientos abiertos estimados;2024M11;965
Total Nacional;Comunitat Valenciana;Valencia;Numero de establecimientos abiertos estimados;2024M10;1088
Total Nacional;Comunitat Valenciana;Valencia;Numero de establecimientos abiertos estimados;2024M09;1162
Total Nacional;Comunitat Valenciana;Valencia;Numero de establecimientos abiertos estimados;2024M08;1208
Total Nacional;Comunitat Valenciana;Valencia;Numero de establecimientos abiertos estimados;2024M07;1169
Total Nacional;Comunitat Valenciana;Valencia;Numero de establecimientos abiertos estimados;2024M06;1178
Total Nacional;Comunitat Valenciana;Valencia;Numero de establecimientos abiertos estimados;2024M05;1187
Total Nacional;Comunitat Valenciana;Valencia;Numero de establecimientos abiertos estimados;2024M04;1124
Total Nacional;Comunitat Valenciana;Valencia;Numero de establecimientos abiertos estimados;2024M03;1079
Total Nacional;Comunitat Valenciana;Valencia;Numero de establecimientos abiertos estimados;2024M02;927
Total Nacional;Comunitat Valenciana;Valencia;Numero de establecimientos abiertos estimados;2024M01;882
Total Nacional;Comunitat Valenciana;Valencia;Numero de habitaciones estimadas;2024M12;53932
Total Nacional;Comunitat Valenciana;Valencia;Numero de habitaciones estimadas;2024M11;58413
Total Nacional;Comunitat Valenciana;Valencia;Numero de habitaciones estimadas;2024M10;66232
Total Nacional;Comunitat Valenciana;Valencia;Numero de habitaciones estimadas;2024M09;70923
Total Nacional;Comunitat Valenciana;Valencia;Numero de habitaciones estimadas;2024M08;71528
Total Nacional;Comunitat Valenciana;Valencia;Numero de habitaciones estimadas;2024M07;70794
Total Nacional;Comunitat Valenciana;Valencia;Numero de habitaciones estimadas;2024M06;70693
Total Nacional;Comunitat Valenciana;Valencia;Numero de habitaciones estimadas;2024M05;68793
Total Nacional;Comunitat Valenciana;Valencia;Numero de habitaciones estimadas;2024M04;66714
Total Nacional;Comunitat Valenciana;Valencia;Numero de habitaciones estimadas;2024M03;63860
Total Nacional;Comunitat Valenciana;Valencia;Numero de habitaciones estimadas;2024M02;52792
Total Nacional;Comunitat Valenciana;Valencia;Numero de habitaciones estimadas;2024M01;48873
Total Nacional;Comunitat Valenciana;Valencia;Numero de plazas estimadas;2024M12;112460
Total Nacional;Comunitat Valenciana;Valencia;Numero de plazas estimadas;2024M11;121292
Total Nacional;Comunitat Valenciana;Valencia;Numero de plazas estimadas;2024M10;139108
Total Nacional;Comunitat Valenciana;Valencia;Numero de plazas estimadas;2024M09;151014
Total Nacional;Comunitat Valenciana;Valencia;Numero de plazas estimadas;2024M08;152197
Total Nacional;Comunitat Valenciana;Valencia;Numero de plazas estimadas;2024M07;150046
Total Nacional;Comunitat Valenciana;Valencia;Numero de plazas estimadas;2024M06;148473
Total Nacional;Comunitat Valenciana;Valencia;Numero de plazas estimadas;2024M05;143725
Total Nacional;Comunitat Valenciana;Valencia;Numero de plazas estimadas;2024M04;139067
Total Nacional;Comunitat Valenciana;Valencia;Numero de plazas estimadas;2024M03;133150
Total Nacional;Comunitat Valenciana;Valencia;Numero de plazas estimadas;2024M02;109865
Total Nacional;Comunitat Valenciana;Valencia;Numero de plazas estimadas;2024M01;100851
Total Nacional;Comunitat Valenciana;Valencia;Grado de ocupacion por plazas;2024M12;45.01
Total Nacional;Comunitat Valenciana;Valencia;Grado de ocupacion por plazas;2024M11;52.74
Total Nacional;Comunitat Valenciana;Valencia;Grado de ocupacion por plazas;2024M10;61.00
Total Nacional;Comunitat Valenciana;Valencia;Grado de ocupacion por plazas;2024M09;67.75
Total Nacional;Comunitat Valenciana;Valencia;Grado de ocupacion por plazas;2024M08;77.52
Total Nacional;Comunitat Valenciana;Valencia;Grado de ocupacion por plazas;2024M07;72.82
Total Nacional;Comunitat Valenciana;Valencia;Grado de ocupacion por plazas;2024M06;67.05
Total Nacional;Comunitat Valenciana;Valencia;Grado de ocupacion por plazas;2024M05;64.51
Total Nacional;Comunitat Valenciana;Valencia;Grado de ocupacion por plazas;2024M04;59.40
Total Nacional;Comunitat Valenciana;Valencia;Grado de ocupacion por plazas;2024M03;58.01
Total Nacional;Comunitat Valenciana;Valencia;Grado de ocupacion por plazas;2024M02;52.57
Total Nacional;Comunitat Valenciana;Valencia;Grado de ocupacion por plazas;2024M01;43.71
Total Nacional;Comunitat Valenciana;Valencia;Grado de ocupacion por plazas en fin de semana;2024M12;53.10
Total Nacional;Comunitat Valenciana;Valencia;Grado de ocupacion por plazas en fin de semana;2024M11;58.15
Total Nacional;Comunitat Valenciana;Valencia;Grado de ocupacion por plazas en fin de semana;2024M10;69.32
Total Nacional;Comunitat Valenciana;Valencia;Grado de ocupacion por plazas en fin de semana;2024M09;73.59
Total Nacional;Comunitat Valenciana;Valencia;Grado de ocupacion por plazas en fin de semana;2024M08;78.16
Total Nacional;Comunitat Valenciana;Valencia;Grado de ocupacion por plazas en fin de semana;2024M07;78.72
Total Nacional;Comunitat Valenciana;Valencia;Grado de ocupacion por plazas en fin de semana;2024M06;74.95
Total Nacional;Comunitat Valenciana;Valencia;Grado de ocupacion por plazas en fin de semana;2024M05;73.11
Total Nacional;Comunitat Valenciana;Valencia;Grado de ocupacion por plazas en fin de semana;2024M04;67.89
Total Nacional;Comunitat Valenciana;Valencia;Grado de ocupacion por plazas en fin de semana;2024M03;66.09
Total Nacional;Comunitat Valenciana;Valencia;Grado de ocupacion por plazas en fin de semana;2024M02;62.41
Total Nacional;Comunitat Valenciana;Valencia;Grado de ocupacion por plazas en fin de semana;2024M01;48.88
Total Nacional;Comunitat Valenciana;Valencia;Grado de ocupacion por habitaciones;2024M12;52.77
Total Nacional;Comunitat Valenciana;Valencia;Grado de ocupacion por habitaciones;2024M11;63.80
Total Nacional;Comunitat Valenciana;Valencia;Grado de ocupacion por habitaciones;2024M10;72.18
Total Nacional;Comunitat Valenciana;Valencia;Grado de ocupacion por habitaciones;2024M09;78.18
Total Nacional;Comunitat Valenciana;Valencia;Grado de ocupacion por habitaciones;2024M08;82.86
Total Nacional;Comunitat Valenciana;Valencia;Grado de ocupacion por habitaciones;2024M07;78.99
Total Nacional;Comunitat Valenciana;Valencia;Grado de ocupacion por habitaciones;2024M06;75.85
Total Nacional;Comunitat Valenciana;Valencia;Grado de ocupacion por habitaciones;2024M05;74.63
Total Nacional;Comunitat Valenciana;Valencia;Grado de ocupacion por habitaciones;2024M04;68.86
Total Nacional;Comunitat Valenciana;Valencia;Grado de ocupacion por habitaciones;2024M03;66.73
Total Nacional;Comunitat Valenciana;Valencia;Grado de ocupacion por habitaciones;2024M02;63.47
Total Nacional;Comunitat Valenciana;Valencia;Grado de ocupacion por habitaciones;2024M01;52.59
Total Nacional;Comunitat Valenciana;Valencia;Personal empleado;2024M12;14681
Total Nacional;Comunitat Valenciana;Valencia;Personal empleado;2024M11;15368
Total Nacional;Comunitat Valenciana;Valencia;Personal empleado;2024M10;18158
Total Nacional;Comunitat Valenciana;Valencia;Personal empleado;2024M09;20332
Total Nacional;Comunitat Valenciana;Valencia;Personal empleado;2024M08;21539
Total Nacional;Comunitat Valenciana;Valencia;Personal empleado;2024M07;21102
Total Nacional;Comunitat Valenciana;Valencia;Personal empleado;2024M06;20267
Total Nacional;Comunitat Valenciana;Valencia;Personal empleado;2024M05;18648
Total Nacional;Comunitat Valenciana;Valencia;Personal empleado;2024M04;17649
Total Nacional;Comunitat Valenciana;Valencia;Personal empleado;2024M03;16674
Total Nacional;Comunitat Valenciana;Valencia;Personal empleado;2024M02;13339
Total Nacional;Comunitat Valenciana;Valencia;Personal empleado;2024M01;12026
Total Nacional;Madrid. Comunidad de;Madrid;Numero de establecimientos abiertos estimados;2024M12;1185
Total Nacional;Madrid. Comunidad de;Madrid;Numero de establecimientos abiertos estimados;2024M11;1249
Total Nacional;Madrid. Comunidad de;Madrid;Numero de establecimientos abiertos estimados;2024M10;1226
Total Nacional;Madrid. Comunidad de;Madrid;Numero de establecimientos abiertos estimados;2024M09;1248
Total Nacional;Madrid. Comunidad de;Madrid;Numero de establecimientos abiertos estimados;2024M08;1052
Total Nacional;Madrid. Comunidad de;Madrid;Numero de establecimientos abiertos estimados;2024M07;1189
Total Nacional;Madrid. Comunidad de;Madrid;Numero de establecimientos abiertos estimados;2024M06;1213
Total Nacional;Madrid. Comunidad de;Madrid;Numero de establecimientos abiertos estimados;2024M05;1222
Total Nacional;Madrid. Comunidad de;Madrid;Numero de establecimientos abiertos estimados;2024M04;1218
Total Nacional;Madrid. Comunidad de;Madrid;Numero de establecimientos abiertos estimados;2024M03;1175
Total Nacional;Madrid. Comunidad de;Madrid;Numero de establecimientos abiertos estimados;2024M02;1200
Total Nacional;Madrid. Comunidad de;Madrid;Numero de establecimientos abiertos estimados;2024M01;1167
Total Nacional;Madrid. Comunidad de;Madrid;Numero de habitaciones estimadas;2024M12;62043
Total Nacional;Madrid. Comunidad de;Madrid;Numero de habitaciones estimadas;2024M11;62544
Total Nacional;Madrid. Comunidad de;Madrid;Numero de habitaciones estimadas;2024M10;62861
Total Nacional;Madrid. Comunidad de;Madrid;Numero de habitaciones estimadas;2024M09;63038
Total Nacional;Madrid. Comunidad de;Madrid;Numero de habitaciones estimadas;2024M08;60354
Total Nacional;Madrid. Comunidad de;Madrid;Numero de habitaciones estimadas;2024M07;62073
Total Nacional;Madrid. Comunidad de;Madrid;Numero de habitaciones estimadas;2024M06;62248
Total Nacional;Madrid. Comunidad de;Madrid;Numero de habitaciones estimadas;2024M05;62643
Total Nacional;Madrid. Comunidad de;Madrid;Numero de habitaciones estimadas;2024M04;62364
Total Nacional;Madrid. Comunidad de;Madrid;Numero de habitaciones estimadas;2024M03;61534
Total Nacional;Madrid. Comunidad de;Madrid;Numero de habitaciones estimadas;2024M02;61552
Total Nacional;Madrid. Comunidad de;Madrid;Numero de habitaciones estimadas;2024M01;61283
Total Nacional;Madrid. Comunidad de;Madrid;Numero de plazas estimadas;2024M12;122914
Total Nacional;Madrid. Comunidad de;Madrid;Numero de plazas estimadas;2024M11;123736
Total Nacional;Madrid. Comunidad de;Madrid;Numero de plazas estimadas;2024M10;124424
Total Nacional;Madrid. Comunidad de;Madrid;Numero de plazas estimadas;2024M09;124698
Total Nacional;Madrid. Comunidad de;Madrid;Numero de plazas estimadas;2024M08;120183
Total Nacional;Madrid. Comunidad de;Madrid;Numero de plazas estimadas;2024M07;123160
Total Nacional;Madrid. Comunidad de;Madrid;Numero de plazas estimadas;2024M06;123422
Total Nacional;Madrid. Comunidad de;Madrid;Numero de plazas estimadas;2024M05;124204
Total Nacional;Madrid. Comunidad de;Madrid;Numero de plazas estimadas;2024M04;123575
Total Nacional;Madrid. Comunidad de;Madrid;Numero de plazas estimadas;2024M03;122515
Total Nacional;Madrid. Comunidad de;Madrid;Numero de plazas estimadas;2024M02;122367
Total Nacional;Madrid. Comunidad de;Madrid;Numero de plazas estimadas;2024M01;121982
Total Nacional;Madrid. Comunidad de;Madrid;Grado de ocupacion por plazas;2024M12;56.01
Total Nacional;Madrid. Comunidad de;Madrid;Grado de ocupacion por plazas;2024M11;60.86
Total Nacional;Madrid. Comunidad de;Madrid;Grado de ocupacion por plazas;2024M10;64.63
Total Nacional;Madrid. Comunidad de;Madrid;Grado de ocupacion por plazas;2024M09;62.09
Total Nacional;Madrid. Comunidad de;Madrid;Grado de ocupacion por plazas;2024M08;54.30
Total Nacional;Madrid. Comunidad de;Madrid;Grado de ocupacion por plazas;2024M07;59.66
Total Nacional;Madrid. Comunidad de;Madrid;Grado de ocupacion por plazas;2024M06;62.84
Total Nacional;Madrid. Comunidad de;Madrid;Grado de ocupacion por plazas;2024M05;64.05
Total Nacional;Madrid. Comunidad de;Madrid;Grado de ocupacion por plazas;2024M04;61.52
Total Nacional;Madrid. Comunidad de;Madrid;Grado de ocupacion por plazas;2024M03;58.46
Total Nacional;Madrid. Comunidad de;Madrid;Grado de ocupacion por plazas;2024M02;53.63
Total Nacional;Madrid. Comunidad de;Madrid;Grado de ocupacion por plazas;2024M01;47.65
Total Nacional;Madrid. Comunidad de;Madrid;Grado de ocupacion por plazas en fin de semana;2024M12;66.81
Total Nacional;Madrid. Comunidad de;Madrid;Grado de ocupacion por plazas en fin de semana;2024M11;69.24
Total Nacional;Madrid. Comunidad de;Madrid;Grado de ocupacion por plazas en fin de semana;2024M10;73.52
Total Nacional;Madrid. Comunidad de;Madrid;Grado de ocupacion por plazas en fin de semana;2024M09;69.81
Total Nacional;Madrid. Comunidad de;Madrid;Grado de ocupacion por plazas en fin de semana;2024M08;57.40
Total Nacional;Madrid. Comunidad de;Madrid;Grado de ocupacion por plazas en fin de semana;2024M07;67.78
Total Nacional;Madrid. Comunidad de;Madrid;Grado de ocupacion por plazas en fin de semana;2024M06;70.03
Total Nacional;Madrid. Comunidad de;Madrid;Grado de ocupacion por plazas en fin de semana;2024M05;71.56
Total Nacional;Madrid. Comunidad de;Madrid;Grado de ocupacion por plazas en fin de semana;2024M04;69.32
Total Nacional;Madrid. Comunidad de;Madrid;Grado de ocupacion por plazas en fin de semana;2024M03;64.55
Total Nacional;Madrid. Comunidad de;Madrid;Grado de ocupacion por plazas en fin de semana;2024M02;62.14
Total Nacional;Madrid. Comunidad de;Madrid;Grado de ocupacion por plazas en fin de semana;2024M01;50.80
Total Nacional;Madrid. Comunidad de;Madrid;Grado de ocupacion por habitaciones;2024M12;65.49
Total Nacional;Madrid. Comunidad de;Madrid;Grado de ocupacion por habitaciones;2024M11;77.70
Total Nacional;Madrid. Comunidad de;Madrid;Grado de ocupacion por habitaciones;2024M10;82.17
Total Nacional;Madrid. Comunidad de;Madrid;Grado de ocupacion por habitaciones;2024M09;78.16
Total Nacional;Madrid. Comunidad de;Madrid;Grado de ocupacion por habitaciones;2024M08;60.41
Total Nacional;Madrid. Comunidad de;Madrid;Grado de ocupacion por habitaciones;2024M07;69.65
Total Nacional;Madrid. Comunidad de;Madrid;Grado de ocupacion por habitaciones;2024M06;78.57
Total Nacional;Madrid. Comunidad de;Madrid;Grado de ocupacion por habitaciones;2024M05;78.92
Total Nacional;Madrid. Comunidad de;Madrid;Grado de ocupacion por habitaciones;2024M04;76.80
Total Nacional;Madrid. Comunidad de;Madrid;Grado de ocupacion por habitaciones;2024M03;72.10
Total Nacional;Madrid. Comunidad de;Madrid;Grado de ocupacion por habitaciones;2024M02;68.88
Total Nacional;Madrid. Comunidad de;Madrid;Grado de ocupacion por habitaciones;2024M01;61.03
Total Nacional;Madrid. Comunidad de;Madrid;Personal empleado;2024M12;15729
Total Nacional;Madrid. Comunidad de;Madrid;Personal empleado;2024M11;15651
Total Nacional;Madrid. Comunidad de;Madrid;Personal empleado;2024M10;16117
Total Nacional;Madrid. Comunidad de;Madrid;Personal empleado;2024M09;16097
Total Nacional;Madrid. Comunidad de;Madrid;Personal empleado;2024M08;15482
Total Nacional;Madrid. Comunidad de;Madrid;Personal empleado;2024M07;15922
Total Nacional;Madrid. Comunidad de;Madrid;Personal empleado;2024M06;16221
Total Nacional;Madrid. Comunidad de;Madrid;Personal empleado;2024M05;16122
Total Nacional;Madrid. Comunidad de;Madrid;Personal empleado;2024M04;15822
Total Nacional;Madrid. Comunidad de;Madrid;Personal empleado;2024M03;15342
Total Nacional;Madrid. Comunidad de;Madrid;Personal empleado;2024M02;15229
Total Nacional;Madrid. Comunidad de;Madrid;Personal empleado;2024M01;15113
Total Nacional;Pais Vasco;Euskadi;Numero de establecimientos abiertos estimados;2024M12;553
Total Nacional;Pais Vasco;Euskadi;Numero de establecimientos abiertos estimados;2024M11;610
Total Nacional;Pais Vasco;Euskadi;Numero de establecimientos abiertos estimados;2024M10;620
Total Nacional;Pais Vasco;Euskadi;Numero de establecimientos abiertos estimados;2024M09;619
Total Nacional;Pais Vasco;Euskadi;Numero de establecimientos abiertos estimados;2024M08;615
Total Nacional;Pais Vasco;Euskadi;Numero de establecimientos abiertos estimados;2024M07;597
Total Nacional;Pais Vasco;Euskadi;Numero de establecimientos abiertos estimados;2024M06;589
Total Nacional;Pais Vasco;Euskadi;Numero de establecimientos abiertos estimados;2024M05;575
Total Nacional;Pais Vasco;Euskadi;Numero de establecimientos abiertos estimados;2024M04;591
Total Nacional;Pais Vasco;Euskadi;Numero de establecimientos abiertos estimados;2024M03;559
Total Nacional;Pais Vasco;Euskadi;Numero de establecimientos abiertos estimados;2024M02;518
Total Nacional;Pais Vasco;Euskadi;Numero de establecimientos abiertos estimados;2024M01;490
Total Nacional;Pais Vasco;Euskadi;Numero de habitaciones estimadas;2024M12;17517
Total Nacional;Pais Vasco;Euskadi;Numero de habitaciones estimadas;2024M11;18607
Total Nacional;Pais Vasco;Euskadi;Numero de habitaciones estimadas;2024M10;18404
Total Nacional;Pais Vasco;Euskadi;Numero de habitaciones estimadas;2024M09;18328
Total Nacional;Pais Vasco;Euskadi;Numero de habitaciones estimadas;2024M08;17737
Total Nacional;Pais Vasco;Euskadi;Numero de habitaciones estimadas;2024M07;17607
Total Nacional;Pais Vasco;Euskadi;Numero de habitaciones estimadas;2024M06;17494
Total Nacional;Pais Vasco;Euskadi;Numero de habitaciones estimadas;2024M05;17456
Total Nacional;Pais Vasco;Euskadi;Numero de habitaciones estimadas;2024M04;17325
Total Nacional;Pais Vasco;Euskadi;Numero de habitaciones estimadas;2024M03;17068
Total Nacional;Pais Vasco;Euskadi;Numero de habitaciones estimadas;2024M02;15876
Total Nacional;Pais Vasco;Euskadi;Numero de habitaciones estimadas;2024M01;15376
Total Nacional;Pais Vasco;Euskadi;Numero de plazas estimadas;2024M12;34217
Total Nacional;Pais Vasco;Euskadi;Numero de plazas estimadas;2024M11;36301
Total Nacional;Pais Vasco;Euskadi;Numero de plazas estimadas;2024M10;36001
Total Nacional;Pais Vasco;Euskadi;Numero de plazas estimadas;2024M09;35897
Total Nacional;Pais Vasco;Euskadi;Numero de plazas estimadas;2024M08;34775
Total Nacional;Pais Vasco;Euskadi;Numero de plazas estimadas;2024M07;34552
Total Nacional;Pais Vasco;Euskadi;Numero de plazas estimadas;2024M06;34332
Total Nacional;Pais Vasco;Euskadi;Numero de plazas estimadas;2024M05;34242
Total Nacional;Pais Vasco;Euskadi;Numero de plazas estimadas;2024M04;33925
Total Nacional;Pais Vasco;Euskadi;Numero de plazas estimadas;2024M03;33419
Total Nacional;Pais Vasco;Euskadi;Numero de plazas estimadas;2024M02;31002
Total Nacional;Pais Vasco;Euskadi;Numero de plazas estimadas;2024M01;29883
Total Nacional;Pais Vasco;Euskadi;Grado de ocupacion por plazas;2024M12;44.23
Total Nacional;Pais Vasco;Euskadi;Grado de ocupacion por plazas;2024M11;48.76
Total Nacional;Pais Vasco;Euskadi;Grado de ocupacion por plazas;2024M10;60.81
Total Nacional;Pais Vasco;Euskadi;Grado de ocupacion por plazas;2024M09;67.79
Total Nacional;Pais Vasco;Euskadi;Grado de ocupacion por plazas;2024M08;80.06
Total Nacional;Pais Vasco;Euskadi;Grado de ocupacion por plazas;2024M07;72.37
Total Nacional;Pais Vasco;Euskadi;Grado de ocupacion por plazas;2024M06;62.74
Total Nacional;Pais Vasco;Euskadi;Grado de ocupacion por plazas;2024M05;62.30
Total Nacional;Pais Vasco;Euskadi;Grado de ocupacion por plazas;2024M04;55.96
Total Nacional;Pais Vasco;Euskadi;Grado de ocupacion por plazas;2024M03;53.43
Total Nacional;Pais Vasco;Euskadi;Grado de ocupacion por plazas;2024M02;43.88
Total Nacional;Pais Vasco;Euskadi;Grado de ocupacion por plazas;2024M01;39.50
Total Nacional;Pais Vasco;Euskadi;Grado de ocupacion por plazas en fin de semana;2024M12;56.78
Total Nacional;Pais Vasco;Euskadi;Grado de ocupacion por plazas en fin de semana;2024M11;61.72
Total Nacional;Pais Vasco;Euskadi;Grado de ocupacion por plazas en fin de semana;2024M10;69.94
Total Nacional;Pais Vasco;Euskadi;Grado de ocupacion por plazas en fin de semana;2024M09;74.18
Total Nacional;Pais Vasco;Euskadi;Grado de ocupacion por plazas en fin de semana;2024M08;78.77
Total Nacional;Pais Vasco;Euskadi;Grado de ocupacion por plazas en fin de semana;2024M07;78.75
Total Nacional;Pais Vasco;Euskadi;Grado de ocupacion por plazas en fin de semana;2024M06;69.31
Total Nacional;Pais Vasco;Euskadi;Grado de ocupacion por plazas en fin de semana;2024M05;72.31
Total Nacional;Pais Vasco;Euskadi;Grado de ocupacion por plazas en fin de semana;2024M04;67.19
Total Nacional;Pais Vasco;Euskadi;Grado de ocupacion por plazas en fin de semana;2024M03;64.81
Total Nacional;Pais Vasco;Euskadi;Grado de ocupacion por plazas en fin de semana;2024M02;56.63
Total Nacional;Pais Vasco;Euskadi;Grado de ocupacion por plazas en fin de semana;2024M01;47.52
Total Nacional;Pais Vasco;Euskadi;Grado de ocupacion por habitaciones;2024M12;50.74
Total Nacional;Pais Vasco;Euskadi;Grado de ocupacion por habitaciones;2024M11;59.86
Total Nacional;Pais Vasco;Euskadi;Grado de ocupacion por habitaciones;2024M10;74.03
Total Nacional;Pais Vasco;Euskadi;Grado de ocupacion por habitaciones;2024M09;79.37
Total Nacional;Pais Vasco;Euskadi;Grado de ocupacion por habitaciones;2024M08;86.19
Total Nacional;Pais Vasco;Euskadi;Grado de ocupacion por habitaciones;2024M07;80.31
Total Nacional;Pais Vasco;Euskadi;Grado de ocupacion por habitaciones;2024M06;74.62
Total Nacional;Pais Vasco;Euskadi;Grado de ocupacion por habitaciones;2024M05;74.79
Total Nacional;Pais Vasco;Euskadi;Grado de ocupacion por habitaciones;2024M04;67.03
Total Nacional;Pais Vasco;Euskadi;Grado de ocupacion por habitaciones;2024M03;64.62
Total Nacional;Pais Vasco;Euskadi;Grado de ocupacion por habitaciones;2024M02;53.57
Total Nacional;Pais Vasco;Euskadi;Grado de ocupacion por habitaciones;2024M01;48.37
Total Nacional;Pais Vasco;Euskadi;Personal empleado;2024M12;4254
Total Nacional;Pais Vasco;Euskadi;Personal empleado;2024M11;4718
Total Nacional;Pais Vasco;Euskadi;Personal empleado;2024M10;4751
Total Nacional;Pais Vasco;Euskadi;Personal empleado;2024M09;4818
Total Nacional;Pais Vasco;Euskadi;Personal empleado;2024M08;4491
Total Nacional;Pais Vasco;Euskadi;Personal empleado;2024M07;4556
Total Nacional;Pais Vasco;Euskadi;Personal empleado;2024M06;4434
Total Nacional;Pais Vasco;Euskadi;Personal empleado;2024M05;4237
Total Nacional;Pais Vasco;Euskadi;Personal empleado;2024M04;4321
Total Nacional;Pais Vasco;Euskadi;Personal empleado;2024M03;4217
Total Nacional;Pais Vasco;Euskadi;Personal empleado;2024M02;3828
Total Nacional;Pais Vasco;Euskadi;Personal empleado;2024M01;3643
